,A,B,C,D
2000-01-01,-0.966475458082,-1.20932841082,0.834590292067,-2.00429148175
2000-01-02,0.109983115992,-1.6803319252,-0.408119263704,-1.5757696513
2000-01-03,0.782961934311,-2.65297556111,-0.82923428065,-0.75851287588
2000-01-04,0.341762173383,-2.00723041517,-0.971985377439,-0.446254171696
2000-01-05,-1.30628416968,-2.70091006315,0.792864490134,-1.14458423708
2000-01-06,-2.32673924285,-1.78125880108,1.04530450418,-1.97228068952
2000-01-07,-1.354985365,-2.15074370985,-0.395159979187,-1.39570931278
2000-01-08,-2.24502888973,-3.55477729988,-0.562550383802,-0.260139247606
2000-01-09,-3.611653701,-6.24959794491,-0.0595471910795,-0.514487379689
2000-01-10,-2.86887690806,-8.30977419292,1.52408376229,-1.3986623585
2000-01-11,-2.47031460926,-7.89194303457,2.88394211582,-1.35536069962
2000-01-12,-2.27324084005,-7.43902767074,2.92023478573,-0.255767509047
2000-01-13,-1.60688511929,-6.75857940624,1.59745278862,-1.57095816883
2000-01-14,-1.1859127989,-5.69380880679,0.769496669931,-3.39947711941
2000-01-15,-1.14638721186,-7.14359766357,1.20897498877,-1.69758359031
2000-01-16,-1.46273554243,-7.36447665381,2.50749959988,-2.67908999422
2000-01-17,-1.95019736895,-6.01720680406,2.13353477952,-3.20474956945
2000-01-18,-4.53561590141,-5.16649974484,0.516741149957,-1.21222590924
2000-01-19,-3.19457837435,-5.84519654611,0.890240094654,0.655673206538
2000-01-20,-2.90504649781,-5.29598051298,2.1123921205,1.52120501492
2000-01-21,-5.23431789918,-5.69254060958,2.50309176148,1.75927752715
2000-01-22,-5.76767032119,-5.11421370639,2.32258486903,3.08017909317
2000-01-23,-6.5508831629,-5.93930761982,3.86041260202,0.910829208002
2000-01-24,-8.50973731755,-6.35982687844,3.64032303643,1.64777696465
2000-01-25,-8.16804792532,-6.41933794774,1.99127937948,3.14264047631
2000-01-26,-8.44346931594,-7.43782983939,1.07330882603,2.60463049459
2000-01-27,-9.68545195504,-7.04520483236,0.734467261253,2.73103854781
2000-01-28,-8.42730464505,-7.1747105514,2.21034545983,3.92283784287
2000-01-29,-8.66556076378,-7.67248589408,1.15596526537,3.97186485585
2000-01-30,-9.81367320858,-6.3151703796,0.793314030758,2.96813842371
2000-01-31,-9.97633771273,-5.64516746582,-0.108122129702,3.48798012568
2000-02-01,-9.0977583306,-5.89978987799,-0.727348399158,3.56869551943
2000-02-02,-7.77918306202,-5.8208241983,-0.266821326621,2.35815665776
2000-02-03,-9.33413562755,-5.07949957589,-0.439093574443,1.0963533837
2000-02-04,-9.65548643715,-6.12527229043,1.25425041855,0.261402620649
2000-02-05,-9.08411022069,-6.39032436265,2.48933034816,0.521000445333
2000-02-06,-10.1345913743,-4.49259946656,5.36662776028,0.234358217965
2000-02-07,-9.22773599757,-4.85376879862,4.85028421928,-0.484844937887
2000-02-08,-8.50162817349,-5.15158548532,4.68441620523,0.44006353022
2000-02-09,-6.74146781041,-5.02232940108,5.07893548013,0.738206045899
2000-02-10,-6.41872182786,-6.01100749175,5.06323149903,0.751438003222
2000-02-11,-6.79666891349,-6.3057102103,4.82605356518,-0.0732317703705
2000-02-12,-7.00785800818,-6.94713263256,5.19475059925,1.23197907108
2000-02-13,-5.37002176702,-7.47775761722,3.54349347204,2.40500101403
2000-02-14,-5.9339005232,-5.7882894088,1.85328106955,0.821579524817
2000-02-15,-5.19356025233,-6.63848427501,3.39926530063,-0.0496225889274
2000-02-16,-3.70700963324,-7.08517140243,4.58364178079,0.34705331838
2000-02-17,-2.05764065036,-7.52039443888,5.37525582308,-0.654152778124
2000-02-18,-1.71244059964,-9.02872252479,6.10275806207,-3.56749879302
2000-02-19,-1.75346417329,-9.08493425057,4.69051115697,-3.40037235734
2000-02-20,-1.70185105144,-9.70730966628,4.22992745199,-4.09323004483
2000-02-21,-1.28050581145,-9.30561858016,3.4338222156,-4.40480575628
2000-02-22,-0.121667358034,-9.04080481359,3.11411824843,-5.46401653044
2000-02-23,-0.544360393513,-8.11395983756,4.57728779967,-5.22871864443
2000-02-24,-0.614848225819,-10.1188622995,4.21066785715,-4.36584585084
2000-02-25,-1.59970422155,-10.2130095707,1.96149675369,-5.86380522254
2000-02-26,-0.685258295383,-8.09784541882,3.51440303377,-5.3455462112
2000-02-27,-0.861283701994,-8.23627022798,4.78356133294,-5.85933743225
2000-02-28,0.773756370437,-8.21442703387,5.30015955022,-3.11273066627
2000-02-29,0.00252184450674,-7.70786562602,4.74666994606,-2.98230467228
2000-03-01,-0.904697669231,-7.34770048786,4.96503919639,-3.35398556527
2000-03-02,0.179533068521,-7.41929263681,4.8851544379,-3.90272813276
2000-03-03,0.0488120318836,-8.68026341449,4.63660191557,-5.67215884278
2000-03-04,-0.142156415217,-7.99867818824,5.65767205605,-6.89370322232
2000-03-05,-0.815988885091,-7.24043306812,6.42073487085,-6.10575542471
2000-03-06,0.0399586064641,-7.84045313232,6.67740458287,-7.95550207985
2000-03-07,-0.27706287371,-6.91533143422,8.13764240528,-7.0888036506
2000-03-08,-0.276139115601,-8.14841034309,7.65485963355,-7.03606982265
2000-03-09,1.34498243111,-7.1229422537,6.12876012664,-6.55608154155
2000-03-10,1.02511034163,-7.684630295,5.95762810359,-5.75114955439
2000-03-11,2.4116273085,-6.87352313352,6.88970295542,-7.13628570156
2000-03-12,3.77301826878,-5.97588681567,5.91051860281,-6.06753463682
2000-03-13,3.24470766231,-7.02555901566,7.2600758817,-6.94382154118
2000-03-14,2.7158224039,-5.31669663165,7.84009554203,-5.94593492203
2000-03-15,3.53022374734,-6.88740379299,5.62915193234,-5.03209629647
2000-03-16,5.13392636815,-8.09991118149,5.77134165833,-2.76435313212
2000-03-17,5.01704719168,-7.61427040008,6.46381006761,-2.95350163162
2000-03-18,2.90548425052,-8.75411144009,4.43096258485,-2.23589122244
2000-03-19,1.79337275281,-8.87469663892,4.16701090512,-2.07095596682
2000-03-20,2.14407542645,-10.0401251042,4.30279187832,-1.8965904857
2000-03-21,1.97017913539,-8.56454025953,2.99514826135,-2.16420862042
2000-03-22,3.12906405218,-9.34976365314,3.18840169582,-3.61195887422
2000-03-23,3.15406356856,-9.49979687228,4.06893170958,-3.27141309742
2000-03-24,1.87606171893,-10.8396249419,4.79723037126,-4.51495305151
2000-03-25,3.80204190398,-11.5312622015,3.0342942885,-4.21218499796
2000-03-26,3.97456343715,-10.4400135738,4.93021332138,-2.90227120731
2000-03-27,3.31972771462,-8.81059637632,5.8370801592,-3.60437690255
2000-03-28,4.43743625524,-10.221761387,6.31746608133,-4.53326354185
2000-03-29,3.21921645606,-9.9509331339,6.43225409612,-3.88507406728
2000-03-30,3.10984163611,-11.5336857055,5.78506878763,-3.55103039519
2000-03-31,3.38678197447,-11.8791877742,5.96492578876,-3.35242088879
2000-04-01,2.16437803286,-12.5428949082,7.017224743,-2.79392704807
2000-04-02,0.890284364244,-14.1272414998,7.2718983412,-0.626660679668
2000-04-03,0.2987150181,-13.4988105664,8.93876164417,0.808265822888
2000-04-04,0.204756520629,-13.0806850062,8.63513968502,1.05590890379
2000-04-05,-0.842038726797,-13.2900446437,9.34700190132,0.792663772487
2000-04-06,-1.03604778688,-13.2941538872,9.03279686405,0.179521686203
2000-04-07,0.306030086473,-14.4846027967,7.77296795941,2.23475256886
2000-04-08,1.77830670247,-15.3861676226,5.58653161781,3.07783019261
2000-04-09,-0.771115535556,-16.2706746463,5.59608583075,3.4482549731
2000-04-10,-0.878850536465,-16.693097696,6.51034210463,1.3886001981
2000-04-11,-0.289010290454,-16.3868593895,7.39357933828,1.98906698062
2000-04-12,0.628755793821,-16.0081452313,6.08194681851,1.37802213642
2000-04-13,1.82518864155,-15.945411754,6.58939687793,1.15046585082
2000-04-14,1.42041751394,-15.7168114419,5.3701895397,0.36608501431
2000-04-15,1.29705124488,-15.5702606016,5.39054110735,-0.0526452934007
2000-04-16,1.36454098394,-14.8676177891,5.2396552274,-0.515354401907
2000-04-17,0.627518128825,-14.5689977682,4.01672704163,-1.88362700588
2000-04-18,-0.540470793678,-12.7887409464,5.55110999028,-3.16173266153
2000-04-19,-0.0423597199105,-12.5309743068,4.88345404595,-3.67814358414
2000-04-20,0.359762649013,-12.1326682728,3.58129979105,-5.11238905326
2000-04-21,0.330791441119,-14.7200896209,3.06090988345,-4.71366904373
2000-04-22,1.98707293812,-14.8237744305,2.59319548202,-3.35453959891
2000-04-23,4.23404648412,-14.1808912008,0.370455163413,-2.81222817722
2000-04-24,5.9102149171,-14.7864861717,1.10369209985,-2.92611116517
2000-04-25,6.09696894977,-13.8868069005,-0.183279320067,-2.48685748315
2000-04-26,4.90223845796,-12.7440727408,-1.64427066568,-1.88296512953
2000-04-27,5.21517958936,-13.1806801958,-1.60895644055,-3.50971654853
2000-04-28,4.88434497157,-14.3267997806,-0.484071847973,-3.49150149479
2000-04-29,5.22628270871,-14.9188498206,0.714573874065,-4.30647890079
2000-04-30,5.88465168658,-14.6372321789,0.889341819903,-2.64812530274
2000-05-01,6.80912988035,-15.4640415022,1.17603197469,-0.764384308039
2000-05-02,6.69344926151,-15.5206487705,0.876401020741,-2.10608942314
2000-05-03,7.81728772183,-13.8463940815,0.361804126113,-1.36837947239
2000-05-04,8.33784786268,-13.617093122,-0.334156288553,-2.0827227952
2000-05-05,9.43028967374,-14.0131964549,0.380183886103,-1.95445960476
2000-05-06,10.0105899866,-13.7290663037,0.4489210438,-2.03541632756
2000-05-07,10.1311780151,-12.87354011,-0.575327201913,-0.785875523758
2000-05-08,10.1451741253,-13.5960256296,0.557042229826,-0.102718790341
2000-05-09,11.6970996881,-12.1805478389,1.12030660815,0.763498572183
2000-05-10,13.0825884432,-11.916507162,0.935460936618,-1.42956191187
2000-05-11,12.897486321,-13.3783954368,-0.579469144609,-0.688331816399
2000-05-12,12.6809523058,-13.9121140555,-0.715948220067,-1.75635319885
2000-05-13,14.1305534325,-13.25100921,-0.961245327984,-0.0707763616074
2000-05-14,13.4933666535,-11.1741156575,-0.760140438767,-0.63709332285
2000-05-15,13.2418673749,-12.0079361359,-2.03903903215,0.887998874979
2000-05-16,12.9672187149,-12.3768249879,-2.01713069795,1.88298466024
2000-05-17,13.7648736806,-11.8786374385,-1.57549381032,2.36214023123
2000-05-18,14.5007188631,-11.3891578472,-0.923090135742,2.78463493231
2000-05-19,13.6926539419,-12.4319734521,1.15316425676,4.42164966703
2000-05-20,14.1602276491,-10.8571241044,0.697043114425,4.43451243472
2000-05-21,15.217857658,-12.3301419199,-0.0260311298024,5.88791389292
2000-05-22,14.7563259353,-13.4573536712,-0.284892605465,5.28489542435
2000-05-23,15.8746774863,-12.2803194622,-0.113443638235,5.81911017492
2000-05-24,15.0300311916,-12.8132691936,0.426556457272,4.08591804612
2000-05-25,14.5626616557,-12.4883469109,2.44568308526,3.99480789787
2000-05-26,13.2958242334,-11.865963818,1.75876846847,5.92669552109
2000-05-27,12.6336449324,-12.3371417234,0.929612270226,6.12301003819
2000-05-28,13.1029148542,-10.9750552176,-0.487948998068,5.65992316471
2000-05-29,12.5084757455,-10.6700827525,1.90257356888,5.02549581113
2000-05-30,11.6347579628,-10.2737634554,2.63184328106,5.72586864127
2000-05-31,11.1022532678,-8.75588135777,2.56538250585,7.35444089274
2000-06-01,11.3913046037,-8.05971860837,3.68918713744,7.30119355847
2000-06-02,10.4140204782,-9.07917339802,3.93877938245,7.48408874625
2000-06-03,10.435679762,-11.2684516218,3.99808618347,8.89848687358
2000-06-04,10.199036378,-10.4204545575,5.09968428898,9.97134560816
2000-06-05,9.82058324328,-10.4690381497,5.53960716117,8.32004456703
2000-06-06,9.44471698173,-10.5276367495,5.86229383602,7.49036655095
2000-06-07,8.72760335095,-10.9059412854,5.03528457619,6.77555953979
2000-06-08,8.5804778619,-9.6593261752,6.23591604217,5.89961217374
2000-06-09,8.1012918336,-9.63867400401,5.01859693407,7.5388949696
2000-06-10,9.89713949636,-10.2727228484,4.54258151969,8.42485331791
2000-06-11,7.86829520873,-10.9960654856,4.72093723252,8.0800609619
2000-06-12,6.54825273952,-11.4732676754,5.45939901235,6.97930707796
2000-06-13,6.39778294501,-12.8511415059,4.30864920381,6.24124305648
2000-06-14,7.2752586095,-12.9592066728,4.95697830854,5.30324193517
2000-06-15,8.70220755209,-13.2376514043,5.72289547323,4.37276117613
2000-06-16,9.00925197026,-12.9514974469,6.3267481043,5.50566368637
2000-06-17,9.0538120628,-12.3156174148,6.95915287155,5.84071607581
2000-06-18,8.22913686441,-13.6785700006,8.05754433973,4.6431616078
2000-06-19,9.13419667695,-12.9588159953,7.95990483213,5.64419437738
2000-06-20,10.40864603,-13.6278089064,8.76885602667,4.71672320529
2000-06-21,9.42264640175,-12.6498253684,10.062770284,5.03306612051
2000-06-22,9.89802817585,-14.8520937014,9.00487522162,4.5684072339
2000-06-23,10.7629323045,-12.7510880734,9.09960576316,5.24601066174
2000-06-24,9.77707265082,-12.8134951701,10.1779973366,3.86177698022
2000-06-25,7.62460538481,-13.8688041024,9.30718025712,4.79135238169
2000-06-26,8.60148560444,-14.3496680471,9.90353332733,5.40399331854
2000-06-27,8.4658345994,-13.8978339643,9.32566511749,5.02527800227
2000-06-28,8.0697425089,-14.4064368041,9.57699433149,4.58343145915
2000-06-29,8.33669620314,-14.5443737143,8.97170393207,5.57536662512
2000-06-30,8.33421131491,-14.9218761959,9.06576312594,6.36220659667
2000-07-01,8.80819684609,-14.9115403635,8.00728720337,5.65564596142
2000-07-02,8.50518899859,-16.2486602616,6.25972723056,5.35128380671
2000-07-03,9.00041012183,-14.7652649352,5.641913216,5.44083020069
2000-07-04,10.0268249145,-15.6929991286,5.25991781096,6.07303918228
2000-07-05,10.6070780816,-16.8981299187,6.64357844995,6.27229864212
2000-07-06,12.146521843,-16.8730362805,5.92790295059,5.70912391067
2000-07-07,14.5821655133,-18.0055397458,6.05952407253,5.13018381013
2000-07-08,13.9436891173,-17.8147249229,7.21721760801,3.88024493831
2000-07-09,14.9595361637,-15.8965791785,7.67040210721,3.3786352869
2000-07-10,13.6654524007,-18.0493192322,6.21785556458,1.26326097705
2000-07-11,14.7957539623,-17.8150280291,6.19232292251,1.70691312567
2000-07-12,14.6806127477,-18.38242506,6.51723563106,3.97281466985
2000-07-13,12.7950158034,-20.020336158,6.86862331944,3.80041171829
2000-07-14,15.8378203218,-18.8759378846,6.14601517817,5.02849219121
2000-07-15,16.94678618,-18.0123295958,6.30365341799,5.59291670501
2000-07-16,16.2377783375,-18.9370030837,4.91315706952,6.13362536718
2000-07-17,16.4459000276,-18.4242203288,4.28510046361,6.46625189274
2000-07-18,16.6485107296,-18.5118537275,5.78613311759,6.81332321135
2000-07-19,18.7972129788,-17.833237396,6.39002544788,8.1239756086
2000-07-20,21.0999446018,-18.3081224083,6.21747797617,8.01149894484
2000-07-21,21.5471545923,-18.9364114234,7.06126896724,8.51762597409
2000-07-22,22.1773754997,-19.9994523489,5.81314599919,8.03846832153
2000-07-23,20.7941478021,-18.4902295076,6.10885461618,8.25216794147
2000-07-24,20.3998627842,-19.0598428071,5.29183098743,8.94292016109
2000-07-25,21.4277890218,-18.5554704128,4.84922361327,9.25257038178
2000-07-26,20.3086429169,-20.8433987233,6.29156852819,7.79621859455
2000-07-27,18.9027783743,-20.6769579797,6.34779396546,7.34448192922
2000-07-28,18.6485515756,-21.1312761109,6.38089988748,7.677179074
2000-07-29,17.2713218948,-21.5081115518,4.61284334679,7.28442854754
2000-07-30,15.8771768085,-21.7461331467,3.44946351869,6.50334214082
2000-07-31,15.0147181384,-21.5064536492,6.010694892,5.44237760987
2000-08-01,14.5509555468,-21.8838367776,6.81416799758,6.84975322739
2000-08-02,14.6459697753,-22.4721215197,7.12792196987,8.00144661513
2000-08-03,14.1859178256,-19.7564519563,8.43512976682,7.97599797165
2000-08-04,14.9646698686,-20.2027200413,7.69188580986,7.97998162333
2000-08-05,15.3609932416,-20.8682057236,5.16758467038,7.60608481114
2000-08-06,15.3020144479,-22.2704184024,5.72538171262,7.42961787761
2000-08-07,14.1243812261,-20.6850888165,4.5062296494,7.31791139913
2000-08-08,13.141395205,-21.4128603843,5.68323781247,6.96996273703
2000-08-09,14.4108529848,-20.9671948443,5.6494045859,7.48334344253
2000-08-10,16.0853266674,-23.1001020597,5.48277945863,7.82430684066
2000-08-11,14.7101407658,-24.2340857323,3.89142875816,8.72599840229
2000-08-12,13.8615690901,-23.9604290143,3.42887217519,10.0088333341
2000-08-13,14.0530674419,-24.8348217159,3.37016465554,9.55745114537
2000-08-14,13.5443305493,-26.2709515421,2.53543871861,8.51335139046
2000-08-15,12.8932044059,-25.735539386,2.61643973491,8.58727391995
2000-08-16,13.5803611173,-25.7926932571,3.80970570729,7.01880426745
2000-08-17,12.8246980054,-25.7543734618,3.58332119142,8.73015393518
2000-08-18,12.8091272182,-25.4716565796,2.95262051362,10.4651436659
2000-08-19,14.1693160963,-25.3299899324,2.38629381422,11.4889195934
2000-08-20,15.3345502557,-25.9504374619,2.09599318966,10.6303689134
2000-08-21,13.7759190194,-25.5416574607,2.18378494626,10.3054670486
2000-08-22,13.2427572204,-24.6099608363,2.91052797358,9.26744702508
2000-08-23,13.4376199842,-26.4761956973,3.64096258788,9.10158019917
2000-08-24,13.5502044076,-25.3103758894,2.54548768216,10.4555363913
2000-08-25,14.2137814784,-25.8851291607,2.81965022185,9.72916518062
2000-08-26,15.3787255901,-25.650167589,3.11277927393,9.1342126219
2000-08-27,14.8451046532,-26.0348520024,2.74695944845,10.9104184475
2000-08-28,14.3670725197,-25.7659548889,2.95579726223,11.3533004476
2000-08-29,14.4520501654,-25.0895030093,4.46484665304,9.64875738785
2000-08-30,14.6024025405,-25.6477615796,4.31665436305,9.16555145263
2000-08-31,13.7015561562,-25.0289724174,1.92129798984,10.0884417704
2000-09-01,14.9504771488,-24.8712414791,3.04819870587,9.98890928203
2000-09-02,14.3273329615,-23.7935044658,2.88202043415,9.61145936025
2000-09-03,15.0811655478,-21.3432997709,2.1928285396,9.67380411273
2000-09-04,15.3025718726,-21.3488356748,3.0228281528,10.2747090917
2000-09-05,17.0205910519,-20.9483315412,2.93828077137,10.6634420624
2000-09-06,15.7282409702,-21.2971100813,0.666340177694,10.6994970281
2000-09-07,16.8089663037,-20.9936355399,0.84462974206,9.95367494632
2000-09-08,18.3510139498,-20.0824489777,1.8701984711,9.12519963437
2000-09-09,18.8354064708,-20.5433764995,2.32876812668,10.6627907014
2000-09-10,18.530574903,-20.8227541927,0.880763337524,9.45108548028
2000-09-11,17.4023913991,-22.4884571608,1.45327601384,9.07176608555
2000-09-12,16.8479969611,-22.5245562411,0.123956675811,8.99161302636
2000-09-13,17.7858341136,-23.1166574572,1.88805647044,9.64118989952
2000-09-14,18.4736177282,-21.8100776925,1.8406948816,9.33888174958
2000-09-15,17.6864717663,-21.0415299505,1.57389292245,11.1971974481
2000-09-16,17.5661896674,-21.7417828856,3.13530939023,9.33868366059
2000-09-17,17.3794354368,-22.1973485381,3.20616174963,11.4911597778
2000-09-18,17.0558425519,-22.2572078498,2.86989777161,10.5692746989
2000-09-19,16.4647081079,-21.2385334917,3.62457388011,9.62065401616
2000-09-20,14.9183461835,-21.4641773902,4.80861585028,8.08565723879
2000-09-21,15.2473824927,-21.1218754977,5.25904709473,7.96754258207
2000-09-22,16.3504013611,-21.865972997,6.88364580971,8.19333258122
2000-09-23,16.4122801826,-22.3698661733,7.76315568018,8.34809107649
2000-09-24,17.4765708943,-21.2151358921,7.2823610537,8.11718789532
2000-09-25,17.8206320844,-20.4107918604,6.91900213363,8.70138618999
2000-09-26,18.1849125567,-19.9676072843,7.84226601556,6.85387072404
2000-09-27,17.2006698423,-20.1264786618,8.79968214864,6.2899429867
2000-09-28,19.3569158238,-19.4993963228,8.14127440564,7.89362798947
2000-09-29,20.161040376,-19.6796068437,6.18061765977,7.1267734626
2000-09-30,20.6069829348,-19.9020806137,6.7983673803,6.686190113
2000-10-01,20.2164560359,-19.2074365102,7.48289198324,6.70257036873
2000-10-02,21.2575450368,-18.6947230155,7.37777973154,6.24741449892
2000-10-03,21.0158091278,-18.1281253873,7.63964854073,7.19682313325
2000-10-04,21.0066760708,-17.8735350891,7.16666796541,8.05752671254
2000-10-05,20.7928039846,-16.6565197968,6.09594613249,6.93666593289
2000-10-06,19.6817195112,-16.1050857759,7.00980694458,7.03678831009
2000-10-07,19.896421167,-16.5581667785,9.3070993137,7.45007775752
2000-10-08,21.1584469036,-15.8764708323,9.41744973273,6.64734239842
2000-10-09,21.7473657639,-15.3109681822,9.17196389576,8.40632695712
2000-10-10,21.7229454062,-16.2187866785,8.39994065296,7.98568858269
2000-10-11,21.1679338864,-16.8131178672,8.34415431072,8.8320045567
2000-10-12,20.5647425784,-16.9183867044,7.39052147481,7.09305909537
2000-10-13,20.6845094541,-15.9127154024,6.10238317821,7.31521712486
2000-10-14,19.664094888,-15.7228416608,7.85740294844,6.21431331669
2000-10-15,19.7517252559,-16.2380724439,7.95939298797,5.49054304208
2000-10-16,20.0971588486,-14.950443225,9.79544233812,5.17583730018
2000-10-17,20.159660706,-16.7743993993,9.80325287311,5.68159267682
2000-10-18,18.7718171105,-17.4009988316,8.54282295974,5.06129047555
2000-10-19,19.631195325,-18.901317384,8.37412180573,3.67406375545
2000-10-20,18.8754774561,-17.6757034414,6.87740870361,2.93051397399
2000-10-21,19.5414035627,-16.4482061412,5.47992268506,1.99718216161
2000-10-22,19.4626317156,-18.7647668358,5.54323927105,1.37654470858
2000-10-23,20.2957309593,-17.9892780672,4.3450868154,1.74876440262
2000-10-24,21.2472600941,-18.7418357872,4.68613394413,1.40086973572
2000-10-25,21.0775608707,-18.3157809224,5.21091495202,1.63412265278
2000-10-26,19.4106047062,-18.8209860716,6.60846707557,1.78062487017
2000-10-27,20.1945178341,-19.6926821314,5.99711876436,1.78786465561
2000-10-28,19.9967317128,-19.3802686049,4.29797354685,0.620160353705
2000-10-29,19.8687603996,-18.7670488401,5.07994823467,0.460603534528
2000-10-30,18.996152941,-17.7639079349,6.83363419342,-0.0729351309584
2000-10-31,20.2855600242,-18.3043928291,7.06175196999,-0.461906332726
2000-11-01,20.5202534985,-19.6753332193,5.2172545616,-1.21884591252
2000-11-02,19.4347940744,-18.0422996195,4.70630066419,-1.41822901723
2000-11-03,18.7700537288,-17.9070449897,3.97235897584,-2.3710430253
2000-11-04,18.5347286183,-18.2982116943,3.09675757498,-2.51623195172
2000-11-05,19.3354884935,-18.4538868013,3.35855544431,-0.481070412554
2000-11-06,19.9668600503,-17.7133733165,1.85572594464,0.815750445122
2000-11-07,22.1962206042,-17.4024941974,2.30965587527,0.721283451138
2000-11-08,23.3926570333,-16.01310188,2.11486170975,0.731535065268
2000-11-09,23.4353235457,-15.116946065,1.41477892664,1.7348192036
2000-11-10,23.3299094024,-15.4527433837,0.302949937521,2.53835716527
2000-11-11,23.5464356425,-15.8565843749,-0.618643005643,3.01185775201
2000-11-12,24.2570979615,-14.6076627456,-0.466628625021,2.81058371802
2000-11-13,25.3311816684,-14.4874791104,-0.992010790632,3.07371513616
2000-11-14,26.554632086,-13.8008262099,-0.332484720934,2.37807032263
2000-11-15,24.8959768767,-12.9586601438,-0.570290806293,1.90684696078
2000-11-16,24.2610924059,-12.7050854157,0.111519831252,1.68739125326
2000-11-17,24.2637862099,-12.2187239792,0.852402954936,2.65540855444
2000-11-18,25.3804407898,-14.3102062811,0.275316557188,4.66676149113
2000-11-19,25.4170687061,-15.9573411775,0.5710209651,6.06812384146
2000-11-20,25.2352243866,-17.3051918776,1.97788905246,6.69068740634
2000-11-21,26.5196176949,-16.5198765039,0.973589561251,5.50357676061
2000-11-22,26.8315363311,-17.4999795397,-0.0199684623308,3.15340451657
2000-11-23,25.8551079556,-16.1708082298,-1.53700625297,1.39966231702
2000-11-24,25.415067791,-17.3754750078,-2.47783358426,0.98665014788
2000-11-25,25.3737026889,-15.890531722,-2.68917145616,1.347557738
2000-11-26,26.3486861162,-15.7747740073,-1.26329676891,0.408602115607
2000-11-27,27.587900525,-15.3201487044,-2.821350194,0.0201214164325
2000-11-28,25.8852892794,-15.7861580978,-2.26556527632,-0.0231247755099
2000-11-29,26.3828833554,-15.4172071989,-1.15795229273,0.0313580907639
2000-11-30,26.0585197198,-17.4388239264,1.36557676806,-0.0909985578474
2000-12-01,27.6492775866,-18.9648961546,0.317273557609,0.327550593168
2000-12-02,27.7929734727,-18.3163083501,1.25383287968,0.536718369501
2000-12-03,27.8206012787,-17.2019717981,2.89050854747,2.91041019926
2000-12-04,26.0803035122,-16.8269125179,0.435494619435,3.05501674439
2000-12-05,26.3602184695,-17.7920231313,-0.0888204371049,4.06204167656
2000-12-06,24.9793907126,-18.2547910903,1.28985861029,4.19846152637
2000-12-07,25.4264691685,-17.1112742846,1.01675024471,4.2512941868
2000-12-08,24.2359452872,-14.6484470085,0.859149993904,4.02770833326
2000-12-09,24.4992012841,-13.9747211773,0.549688929602,3.69154629267
2000-12-10,23.3286759904,-12.42763015,0.13126640932,4.44627789901
2000-12-11,23.3350057553,-10.4368236465,-0.187300280826,3.82524908721
2000-12-12,25.0068489188,-11.0779338657,0.795854415615,4.44286725594
2000-12-13,24.4064126388,-10.1589299031,0.133917159109,5.49712224309
2000-12-14,22.6128136195,-11.7971952698,0.732358485296,2.22700867059
2000-12-15,22.9466164076,-11.0160907713,0.207358365582,3.60992774057
2000-12-16,23.9802575335,-13.6693093651,-0.499947054765,3.69544865046
2000-12-17,23.9261992743,-15.1628766942,-0.310682235825,6.35533822453
2000-12-18,21.9996669087,-15.9958957679,-3.04840834227,6.0918776288
2000-12-19,20.8226062688,-18.3917212401,-2.95766082117,5.42797174345
2000-12-20,19.234422343,-17.5678809309,-4.31813960841,6.05902877667
2000-12-21,18.9157456385,-17.6960823433,-1.90534884674,5.93609909434
2000-12-22,18.9073997444,-17.7387778477,-2.13823920394,6.95619342868
2000-12-23,18.5955818502,-18.2520328414,-2.41027577338,5.17436965926
2000-12-24,17.6904221218,-19.3160765636,-2.4671810372,6.1621783261
2000-12-25,18.901023798,-19.2469651861,-0.963724302684,6.40914290455
2000-12-26,20.7090379744,-18.560587439,-3.27252264841,5.36231634547
2000-12-27,21.8671155665,-19.1865169835,-4.79773264508,6.50890432178
2000-12-28,22.9177529486,-20.1104483254,-5.69280277888,5.76954620412
2000-12-29,25.3963660515,-21.8774178892,-6.92904570942,5.64144684147
2000-12-30,25.6613154693,-20.8505880906,-5.6322100463,4.62465742622
2000-12-31,25.3833450738,-21.525965907,-6.63676677994,3.32726861889
2001-01-01,25.0223131084,-20.0465726226,-6.38660842889,3.17028561526
2001-01-02,25.8260394987,-18.216317877,-7.54159331232,1.97287098518
2001-01-03,24.4361408656,-17.8295329982,-6.22458379917,2.14286951853
2001-01-04,23.0676967842,-17.5099375075,-7.59493261681,2.94460066518
2001-01-05,23.6571078822,-17.6662701227,-7.44728253777,1.41038483148
2001-01-06,24.3952939822,-18.1748947741,-7.06659570179,2.90927001099
2001-01-07,22.5808546122,-18.2388343077,-7.09425138853,4.08536449713
2001-01-08,24.1667903463,-19.0498382956,-7.25245836253,6.87215598955
2001-01-09,23.1440041557,-18.4682682978,-7.39981804963,6.3823768123
2001-01-10,23.0970475612,-19.2131307826,-9.07718214633,7.35268751607
2001-01-11,23.2722494049,-19.1904454951,-9.37585620794,7.2034509442
2001-01-12,23.029975775,-19.7766075814,-9.26423367111,7.39507448897
2001-01-13,24.8071414024,-18.6352479247,-9.40107453607,8.51484618014
2001-01-14,25.3105053876,-19.7571543532,-9.8202155689,7.10230126013
2001-01-15,24.7196315984,-20.1577920077,-10.1689100218,6.11788742267
2001-01-16,25.1546236307,-20.2730873411,-10.0554176276,5.84505917551
2001-01-17,24.5179571454,-20.3193063234,-10.3990392155,5.84326013257
2001-01-18,22.9791614619,-20.1927716436,-8.82336037522,5.7548922348
2001-01-19,22.0369820508,-18.2337824753,-10.8819366086,6.97231887819
2001-01-20,22.6917567429,-17.4168835913,-10.9757335467,6.80189545912
2001-01-21,22.1859246835,-19.6510028923,-10.4098280519,6.82487648607
2001-01-22,21.1207323641,-19.9647381136,-8.20481830975,7.24252624446
2001-01-23,21.1016117155,-20.4192134031,-8.65532964248,6.20290081909
2001-01-24,18.8759760784,-19.819092484,-7.05500906054,5.18832180914
2001-01-25,19.9464891247,-20.42318361,-8.43696048738,5.61231811685
2001-01-26,18.8631623542,-20.0596298238,-8.29042499605,5.25296286577
2001-01-27,20.4820457642,-22.2585445419,-7.58552467814,5.9121022429
2001-01-28,18.9312672424,-23.6380268586,-8.75728343524,6.41288831276
2001-01-29,20.0147199323,-22.0170765464,-7.5158950263,6.96256786119
2001-01-30,18.6560441917,-22.7503274208,-8.76244006314,8.16132256799
2001-01-31,18.1969353391,-23.8516747334,-8.77262072898,8.8725287292
2001-02-01,18.0994851875,-24.9369470155,-8.61471835065,8.92880284042
2001-02-02,17.8540964275,-24.9021737369,-8.53687948371,8.63244249947
2001-02-03,17.779284539,-26.2574522579,-6.94829019437,7.98067048386
2001-02-04,17.1750560118,-24.8490130979,-6.36369324609,8.31077940033
2001-02-05,18.5673349476,-25.8652486407,-8.00946170538,8.47801434722
2001-02-06,18.6694944316,-25.3695486978,-7.67116728063,6.78771955477
2001-02-07,17.9795982049,-26.0610543652,-7.00300825187,6.72256221004
2001-02-08,17.9318896001,-26.9962399426,-6.04716264725,5.03316398331
2001-02-09,17.5721092937,-26.5978832252,-7.67744186495,3.04269172224
2001-02-10,16.9951242388,-26.7412188329,-9.22946743916,3.64796435452
2001-02-11,17.1458857083,-26.352895509,-9.40473407243,2.491597514
2001-02-12,15.3652339291,-25.971862915,-8.06724559953,2.79743759593
2001-02-13,15.4356258584,-26.1071767497,-7.44492631027,2.80541610121
2001-02-14,15.0263941303,-25.2152532025,-7.61811042981,3.49005194734
2001-02-15,15.1658377736,-24.3450130776,-6.10873818889,2.19008925065
2001-02-16,14.3250240946,-24.1413182719,-5.71941794928,2.96952464008
2001-02-17,12.4678224393,-23.8906036659,-7.61577908843,2.31188784927
2001-02-18,11.8250959766,-25.4370170836,-8.25419424643,2.03720939033
2001-02-19,11.1483825953,-25.4194617405,-6.9556310292,2.51276453424
2001-02-20,10.5306622188,-24.2382953827,-7.24179627569,1.44200416126
2001-02-21,11.4726236973,-23.3083040061,-5.79261672854,0.568647500374
2001-02-22,11.7022744803,-24.4413888877,-2.8882435921,0.603860102364
2001-02-23,12.5544356713,-23.7892363409,-0.963339415006,-0.508276106558
2001-02-24,13.121353784,-24.9698118188,0.675513410936,-1.29324408178
2001-02-25,12.2856094881,-25.6125638133,1.14186321659,-1.41271267359
2001-02-26,12.7262420178,-25.2480846772,1.8105174159,-1.92909064589
2001-02-27,12.0516501212,-24.9658733894,1.73420363486,-3.50108760555
2001-02-28,12.7270205509,-25.6075742813,1.53608248942,-5.53417591029
2001-03-01,11.6727810007,-24.9091217893,3.16714713519,-6.43126348263
2001-03-02,11.8039964223,-24.4144019372,2.52974626828,-5.61644283321
2001-03-03,10.9951176324,-23.0522139003,2.85202634741,-5.45835191033
2001-03-04,10.0203923448,-21.6618485931,2.03767603405,-4.97908640605
2001-03-05,10.6792561996,-21.4956690027,3.0190802914,-6.90198124656
2001-03-06,9.7657579908,-21.8335308949,3.61403175518,-8.25429715947
2001-03-07,8.33927528988,-21.2712352049,2.5916984427,-7.16932158657
2001-03-08,6.76321811343,-22.0005954221,2.35644878884,-6.57670072843
2001-03-09,6.3701902255,-23.6962832386,3.68142082825,-5.9674607548
2001-03-10,7.21797534104,-24.3495787729,4.62813303761,-5.81534671164
2001-03-11,9.49101463246,-23.584142899,4.48574065514,-6.9395152407
2001-03-12,10.3171218638,-23.0670756455,4.24501477467,-8.61776605789
2001-03-13,9.38812472818,-23.6201944292,3.60381080622,-7.982491373
2001-03-14,9.64230482606,-23.1611680143,4.84437387194,-9.54416093881
2001-03-15,8.75696306902,-22.1959373822,4.20779795707,-10.1663031502
2001-03-16,8.26097355541,-21.8399916541,3.96869513744,-11.0423475477
2001-03-17,9.95233027068,-22.912253289,4.68740999187,-11.7680451984
2001-03-18,10.1962041481,-22.4028591481,4.98149134582,-12.5591940595
2001-03-19,10.26513009,-23.06264562,3.65558753386,-11.9972251668
2001-03-20,11.1197534142,-25.050171325,3.14167455199,-12.5994870765
2001-03-21,10.7489351814,-26.3953889806,2.86690524706,-12.7441621548
2001-03-22,11.6715413077,-29.5227378504,1.02750934985,-11.0077005601
2001-03-23,11.1960891581,-30.1674181896,2.78189147746,-8.34656888025
2001-03-24,10.8342008754,-29.8453586954,3.63380727073,-7.96563556192
2001-03-25,12.5331229176,-30.326939825,2.51163871155,-7.98191789787
2001-03-26,12.9244826271,-29.0247505719,2.16262121233,-7.13801965988
2001-03-27,12.9164111733,-28.3084871978,0.0974530438384,-6.72858627226
2001-03-28,14.4253661859,-27.7316432534,0.248944249895,-7.50222886399
2001-03-29,13.0181519924,-28.3829365763,0.0979775874098,-7.46441920459
2001-03-30,13.77689062,-27.5299454517,-0.024724244699,-7.04803540773
2001-03-31,15.9490434536,-27.4543933303,-0.0704543556072,-8.24637790957
2001-04-01,16.1460408375,-26.5766122799,0.00594465047776,-7.9427586752
2001-04-02,16.4150723355,-27.2258139191,-0.0337426113015,-8.87286951077
2001-04-03,18.1009842504,-27.2485050448,0.459253517758,-9.75170581446
2001-04-04,16.9987841717,-27.2067389238,-0.910494465156,-8.17046868644
2001-04-05,16.4950158142,-29.5770842704,-1.73984965987,-8.58428879665
2001-04-06,17.2022836969,-28.9674294806,-1.18731784778,-9.49852529132
2001-04-07,18.1718337729,-31.4508696863,-1.91065209396,-9.70182087704
2001-04-08,21.0206936351,-31.354351015,-0.442954981196,-6.9898937334
2001-04-09,22.085112802,-31.2206701781,-1.62441790233,-8.13396136436
2001-04-10,21.0254076397,-30.7932970473,-0.623091445687,-8.1059919402
2001-04-11,21.0198202506,-30.2703295226,-0.16626965496,-8.34500894423
2001-04-12,21.4826888629,-30.5565240165,0.0258144632337,-8.63953707649
2001-04-13,21.7650046524,-31.4872608333,-0.278679179624,-8.56132814818
2001-04-14,21.9419563121,-32.1880726603,0.892272873973,-8.29822448034
2001-04-15,21.9829551051,-31.8907673709,1.3752142721,-8.84176973318
2001-04-16,22.9800436598,-31.8920370882,0.434129794172,-9.35091158674
2001-04-17,21.6787394906,-31.2036509382,-0.346239502579,-8.82647579824
2001-04-18,22.183898059,-30.3912033518,-1.95884053557,-9.73687506618
2001-04-19,22.5426305247,-31.9930563262,-2.61607112124,-12.2956627552
2001-04-20,24.227816913,-31.5229941021,-3.727726854,-11.9241243229
2001-04-21,22.8041025663,-29.2268616745,-5.09719987859,-12.1567630125
2001-04-22,24.0535593346,-30.2981894592,-5.23162501798,-12.9776609911
2001-04-23,22.2859572197,-31.2808185228,-6.74579275957,-11.8598188023
2001-04-24,22.7699340909,-30.4840872861,-7.32052268312,-11.098540145
2001-04-25,22.2643101214,-29.3960965653,-7.01966196477,-11.4850572449
2001-04-26,21.0714868453,-28.7707626786,-7.59545146043,-9.61581572074
2001-04-27,22.1757914522,-29.0770034187,-8.13592473695,-10.5563284565
2001-04-28,21.7725533153,-27.7063582806,-8.46434366538,-9.72298131153
2001-04-29,23.1904423209,-26.6954503335,-6.37504072631,-12.0708996019
2001-04-30,21.6570121851,-28.3009178119,-5.31942092835,-10.3498214281
2001-05-01,22.7827084629,-28.5860591408,-7.30846041621,-10.8207285576
2001-05-02,25.6793817338,-26.7334313667,-7.000248383,-9.99152660172
2001-05-03,24.318842496,-27.6555244719,-9.5003159411,-8.98063680233
2001-05-04,23.2075599323,-27.3466374851,-11.1654755412,-9.0228719704
2001-05-05,22.5791779154,-27.6460181167,-11.4421180387,-8.30391283371
2001-05-06,21.4172536669,-27.4752494412,-11.999273548,-9.63436527654
2001-05-07,21.8319920121,-26.8557768974,-12.2427357622,-10.6068028573
2001-05-08,23.2114499355,-27.7015136117,-13.1190150116,-9.8478467146
2001-05-09,21.8597728085,-27.9147134771,-13.6676942511,-10.5939877654
2001-05-10,21.4820688185,-27.165253879,-12.4208519378,-10.7677475173
2001-05-11,21.6797182121,-25.6038049062,-12.1308167853,-11.2781036426
2001-05-12,20.8240234689,-26.6118481007,-13.6418665066,-10.604640363
2001-05-13,19.1759091726,-26.4911236239,-14.5497994445,-11.0964033094
2001-05-14,19.1135041296,-26.3909612416,-13.2060045499,-10.35924607
2001-05-15,18.8525719767,-27.4998321776,-14.8298205222,-11.5837538407
2001-05-16,17.9825029621,-27.3332879401,-15.2397568816,-12.8006700036
2001-05-17,17.850645571,-27.4676011613,-16.2123955478,-13.5212062921
2001-05-18,18.6953596547,-27.2042216749,-16.4233682105,-13.2337822145
2001-05-19,18.7141600998,-26.7964923577,-15.8068473998,-15.4976349958
2001-05-20,18.6196766387,-26.1066706669,-17.5915238381,-15.0802726006
2001-05-21,18.2777917492,-25.1368348084,-18.510679505,-16.1379500499
2001-05-22,17.8856419464,-24.575339962,-18.3279814459,-15.0723440186
2001-05-23,18.4060179051,-24.4228985734,-16.0151140856,-13.5975423888
2001-05-24,17.9773235953,-21.7225842019,-15.8456004524,-14.4876857731
2001-05-25,18.3020515991,-22.6768456031,-14.5134157762,-13.2342951746
2001-05-26,18.9382970864,-22.1719441051,-13.3478393718,-12.3081583774
2001-05-27,17.1114982316,-21.2341194803,-13.0574329963,-11.7337686521
2001-05-28,17.2893273122,-20.3472402994,-13.0292035457,-11.7478755699
2001-05-29,17.3901999454,-20.2034639363,-13.2919372809,-11.2958939613
2001-05-30,16.7243713453,-19.9676181204,-13.0996136263,-10.2884875185
2001-05-31,18.1513025551,-19.9850985184,-13.5177653064,-9.4316279744
2001-06-01,19.2567246135,-21.2316508514,-14.9901285093,-9.55525638126
2001-06-02,17.3379670903,-20.4725756945,-15.2965723418,-8.33204796052
2001-06-03,18.5382534594,-21.784604076,-14.0067466927,-8.91638167913
2001-06-04,18.1412642711,-20.3127896874,-15.1071641722,-7.95308418762
2001-06-05,19.6863659203,-20.2792424066,-14.167015047,-7.21791188175
2001-06-06,19.4136387654,-21.766044689,-14.2151679052,-6.55582571835
2001-06-07,19.5082488259,-20.2393579027,-13.6824716072,-7.51060908371
2001-06-08,18.6958229913,-19.517017131,-13.6977778649,-8.17386871297
2001-06-09,17.729163722,-18.792027648,-13.4468384395,-7.27168495466
2001-06-10,18.330174166,-17.8442031255,-13.3831325524,-7.48667933854
2001-06-11,18.6590754618,-17.9187405839,-12.4350009179,-8.73902979168
2001-06-12,20.3522347902,-18.0250343065,-13.7662951426,-9.03402696017
2001-06-13,19.7715777744,-17.9500880388,-12.8531819176,-9.44471762074
2001-06-14,20.4564275555,-18.0212603462,-13.2258870767,-9.64798603006
2001-06-15,20.5037776813,-17.387245561,-12.8507955785,-10.2669669623
2001-06-16,19.2257349911,-18.5666192806,-14.084960433,-11.0536482644
2001-06-17,20.2064826717,-17.6284727921,-14.4898762769,-12.7367880683
2001-06-18,19.6922512531,-17.3164850539,-13.1814007004,-11.9663962379
2001-06-19,20.0419678162,-17.3720242822,-11.4966505518,-12.1111076093
2001-06-20,21.5028386092,-17.1351128833,-11.9774932262,-12.6511340449
2001-06-21,21.5548244698,-16.745312332,-11.5507476212,-13.9147520822
2001-06-22,20.7329202342,-15.6100032979,-12.2297120067,-15.3354948135
2001-06-23,21.5553277134,-15.8137385973,-11.2509214981,-14.4912482113
2001-06-24,22.4062586182,-16.4721046296,-11.3664414944,-14.4337594617
2001-06-25,21.8567142112,-17.3327141357,-12.9428051335,-13.6349734998
2001-06-26,23.1059346675,-17.506616253,-12.4838323568,-13.8496625683
2001-06-27,22.8208717774,-17.0561596546,-10.1078429857,-12.6440282115
2001-06-28,22.0204950826,-16.2077279093,-10.1675192158,-13.4263275797
2001-06-29,21.7327295362,-16.6713472771,-8.23940511169,-13.6297048253
2001-06-30,22.5482493368,-19.4449916369,-8.37719502599,-14.8867168579
2001-07-01,23.8119285453,-19.7275776077,-8.73773095284,-14.9982955128
2001-07-02,25.5320434539,-19.5051492422,-8.50192636134,-13.9276285554
2001-07-03,25.2137387636,-18.0606052467,-8.38505528501,-12.6449692851
2001-07-04,23.6905934956,-17.2425016427,-7.39913506623,-14.393280658
2001-07-05,24.0387949452,-19.2519208378,-6.34598304244,-15.5909373193
2001-07-06,23.7535207451,-18.896969697,-6.05902260998,-15.7877440768
2001-07-07,23.6576933278,-18.7387641962,-7.54788661862,-15.2017069497
2001-07-08,23.0908376422,-19.3336485213,-6.94124742203,-16.9041048031
2001-07-09,20.4529357953,-19.4262643688,-6.78228433124,-17.0833744696
2001-07-10,18.3911803339,-18.7260326911,-6.7722666511,-17.1982640778
2001-07-11,17.1169001646,-17.1775597157,-6.79999778155,-15.8454768059
2001-07-12,16.9778691761,-16.6907433575,-5.73533569054,-16.3543991221
2001-07-13,15.8514642168,-15.2905027091,-6.35241743274,-15.7183699373
2001-07-14,16.9695474043,-15.5472266734,-6.9878774136,-13.6028244548
2001-07-15,17.4145444363,-17.8046797965,-8.23824103108,-12.2586172817
2001-07-16,16.4857798787,-18.8905964286,-8.82032062906,-11.7986399036
2001-07-17,15.4612034368,-19.5606561341,-7.35997642597,-13.5995652948
2001-07-18,15.5800061086,-20.6568980505,-6.52827109112,-14.3003395905
2001-07-19,14.9969867704,-20.9097120791,-7.57996724341,-14.2149355556
2001-07-20,16.1616517874,-20.0707917018,-8.61876400036,-14.8396764815
2001-07-21,17.8406832495,-20.5840272277,-6.60975922132,-13.7357033654
2001-07-22,18.3627850212,-18.972854905,-10.0828913397,-13.0549382085
2001-07-23,19.1186475139,-19.5883448001,-9.25373771425,-13.4508932636
2001-07-24,20.2470224471,-20.2802847129,-8.96582977798,-14.8364544309
2001-07-25,19.3524232043,-19.4700017124,-9.59147580998,-13.7454866735
2001-07-26,19.7560790251,-19.8721904012,-9.63920557673,-14.2866527003
2001-07-27,18.7793895846,-18.7326775453,-9.13654065672,-13.4449761129
2001-07-28,17.9582033722,-18.8894067916,-8.243254875,-13.4722750022
2001-07-29,18.4153321694,-21.3221227807,-7.39142942571,-13.5089856092
2001-07-30,18.8511986162,-21.4739056604,-7.6231936732,-12.824837719
2001-07-31,18.9890308615,-21.8799860737,-8.19790174676,-11.5605363069
2001-08-01,19.2120961994,-22.8158197268,-8.98635371177,-10.5433726956
2001-08-02,19.0974416559,-22.469826413,-10.8018118844,-8.73530082758
2001-08-03,18.7102879307,-23.1136900313,-10.8595209483,-8.75615778606
2001-08-04,18.4354544966,-23.0451297905,-12.3641774287,-7.13569205007
2001-08-05,18.2364181668,-24.2644938881,-12.6331786218,-4.17034308556
2001-08-06,17.2531701807,-23.8357599096,-12.5326979047,-4.44912648287
2001-08-07,15.8021756177,-24.2416531525,-11.7885871967,-5.23637522068
2001-08-08,16.3397504948,-23.6315881282,-13.1764107879,-7.73305837158
2001-08-09,17.3863090206,-25.0808513824,-12.6651353285,-7.818544963
2001-08-10,18.4406121862,-25.4075565933,-12.4686546535,-7.07149584406
2001-08-11,18.1243331654,-25.5337505308,-13.5448041731,-5.6609646975
2001-08-12,17.2493207537,-23.9568049112,-11.3081465835,-5.50210195548
2001-08-13,16.8418609696,-23.6939762079,-10.8423495031,-5.84790133911
2001-08-14,17.2346817596,-24.4523389991,-10.7950118851,-5.43030162661
2001-08-15,18.4506257388,-23.4994817428,-10.136398128,-4.7920189805
2001-08-16,19.2875609859,-24.2932660162,-11.2292864184,-4.13322916133
2001-08-17,18.4525617327,-22.2725102417,-10.3181215558,-2.95933469612
2001-08-18,19.924114456,-22.2797595735,-9.53490145745,-2.21251775379
2001-08-19,19.8875117371,-20.742899843,-8.48548032303,0.801480279226
2001-08-20,19.5359861478,-22.8316976371,-9.69256803933,1.03482476254
2001-08-21,21.8245818012,-22.2510043769,-7.5840596161,2.32999231794
2001-08-22,21.2033437575,-22.0000069857,-8.36986616951,2.19517938646
2001-08-23,21.6425143765,-20.9759784036,-6.80738332514,3.05069753799
2001-08-24,21.6729225042,-20.593821692,-7.70417901749,2.09682184612
2001-08-25,19.6914940849,-19.8697540141,-7.42894801071,2.13545288476
2001-08-26,20.2918734783,-19.1473723923,-7.52143502424,1.54773793517
2001-08-27,20.2526374777,-19.1599490579,-7.97766213772,2.31513836995
2001-08-28,21.401629733,-19.1121542907,-9.22016581068,0.823827111928
2001-08-29,21.2585006228,-19.4613874626,-8.299969285,1.88052134942
2001-08-30,22.6238554462,-18.8086324978,-8.19336510009,3.54784758011
2001-08-31,21.4816696607,-18.952991403,-8.05894600324,4.01240544201
2001-09-01,20.6796508785,-17.3601722562,-8.32066463088,4.21302661794
2001-09-02,21.5895513125,-17.5995452504,-6.5311638053,4.80943489761
2001-09-03,21.0651710279,-16.7268538943,-5.00727308592,5.73406272841
2001-09-04,20.9981094041,-18.9295444791,-4.7120688322,5.38245596742
2001-09-05,19.215021209,-19.4499692853,-4.26125830339,5.73522164702
2001-09-06,19.7475383328,-20.4527444025,-3.69864849342,4.93998159874
2001-09-07,18.4304154436,-19.4549639111,-2.44779694608,6.80060466711
2001-09-08,18.8368221213,-19.731371816,-2.26308742722,6.38401986519
2001-09-09,17.1843642508,-20.2083407512,-4.34708593253,6.54899930536
2001-09-10,17.6928787381,-21.0420585069,-4.67103520491,8.14380016773
2001-09-11,19.0525512678,-23.4824207063,-4.71611666666,9.41377338421
2001-09-12,17.3788453643,-25.1670277358,-4.44789348634,8.15827853541
2001-09-13,18.7269051417,-26.0560728858,-4.35927928093,8.49494353441
2001-09-14,18.0501420927,-27.346109241,-3.02478023667,8.66187363083
2001-09-15,18.3496591704,-27.3939108547,-3.83053468794,7.40211369611
2001-09-16,17.0336804871,-26.0821525325,-3.40018571407,6.03884281166
2001-09-17,17.6950136667,-25.9152157964,-3.79308373446,8.37682196446
2001-09-18,17.8368967224,-26.5781704849,-3.6042077966,6.65490993191
2001-09-19,17.2795848295,-25.9288130813,-4.20535326426,6.50518105847
2001-09-20,17.2090488194,-27.5904287248,-3.44830908497,7.01542651374
2001-09-21,15.9350974738,-27.439045332,-4.33693357257,8.01670710401
2001-09-22,15.8143998632,-27.9908641645,-4.0236211065,8.42349327733
2001-09-23,16.1454635953,-28.3305972018,-4.89397862639,8.34787242052
2001-09-24,15.4424613279,-29.3445671733,-5.15845469838,7.50102279531
2001-09-25,15.6335880179,-26.1063477404,-5.60944624134,6.10266773826
2001-09-26,17.2080809507,-25.0925446137,-4.70161428184,5.10052599304
2001-09-27,18.4800437719,-25.6494134781,-4.54080789143,5.34242252028
2001-09-28,19.1258305452,-24.2298912614,-4.1495238584,6.51563061781
2001-09-29,19.2678896407,-25.1070298231,-5.04177792156,6.03185021897
2001-09-30,21.3273542941,-24.1035223719,-5.73138846603,4.86894854809
2001-10-01,20.2554070239,-22.4579123165,-5.62265187368,5.94531104086
2001-10-02,19.6498935381,-22.6300421535,-5.23825080918,6.46682719176
2001-10-03,21.2810485607,-24.2191336306,-5.58193655619,6.43973403113
2001-10-04,21.4702456439,-23.6061235624,-5.56968085353,7.21853524338
2001-10-05,20.9177520917,-25.0673592394,-7.22221849322,8.8367368123
2001-10-06,20.3862935779,-26.084000757,-7.606488521,9.89767174845
2001-10-07,20.0979107797,-26.5958999861,-7.47747792519,10.0606773742
2001-10-08,20.6405382016,-26.6090675581,-8.30580551722,9.70812954475
2001-10-09,20.8206452992,-26.3220905392,-8.24072322684,10.6660304116
2001-10-10,20.515165637,-27.6158691243,-8.51860967657,10.3101478733
2001-10-11,20.6987731679,-26.1477742096,-9.32021458651,11.0457763385
2001-10-12,20.681118132,-26.0368253348,-10.2309396232,10.7221097268
2001-10-13,20.3290733324,-27.0885986721,-10.6684487709,11.3536663
2001-10-14,20.9621152403,-27.9901338623,-10.7625765045,12.0274775033
2001-10-15,19.7604621611,-28.4958757059,-10.8997551649,12.1774603715
2001-10-16,21.2604518993,-28.2260989969,-10.5454349644,12.8545053414
2001-10-17,20.8079231468,-26.3631603883,-10.4362572274,13.8883142784
2001-10-18,21.8049082959,-26.0569911985,-9.75270894671,12.8677932083
2001-10-19,21.6399734928,-27.5360751461,-12.0923055608,12.5692952239
2001-10-20,21.3533044892,-27.2533505601,-13.5887768533,12.3613779873
2001-10-21,22.0597825149,-27.3389860094,-12.373876328,13.2170966572
2001-10-22,21.6890897119,-27.6314444235,-13.7906931072,13.2679031637
2001-10-23,21.7494952572,-26.697783149,-14.332539805,13.5981588372
2001-10-24,19.6359544945,-26.4615682821,-14.2048526673,12.175783284
2001-10-25,20.9271592288,-28.6013789416,-14.5227473588,11.5389480687
2001-10-26,21.10493878,-28.1464606906,-14.6097882717,10.0605420734
2001-10-27,21.4904990479,-29.7173754635,-14.4341686652,9.07609955274
2001-10-28,21.399529726,-28.4847384248,-15.3801070716,9.35706902861
2001-10-29,23.2832520831,-27.6492625712,-15.7928565721,8.43951321862
2001-10-30,22.7205040249,-26.0679297033,-17.2201819974,9.31615998548
2001-10-31,22.8314620477,-25.2697466312,-17.3924371973,10.3892997121
2001-11-01,22.1679592551,-24.9460069953,-18.8797682085,10.2457833802
2001-11-02,22.9558522364,-25.9065880236,-19.6658298586,11.3176671183
2001-11-03,22.2620520828,-26.0688299148,-20.21219196,11.9798170659
2001-11-04,21.8034760622,-25.0528062648,-20.6255944945,12.4862764273
2001-11-05,22.1111995921,-23.2873984527,-20.7382640402,13.0322579195
2001-11-06,22.0766624158,-23.5171211845,-20.9335349974,13.641383072
2001-11-07,22.5734752304,-23.4508874766,-20.1258936138,14.1243149811
2001-11-08,23.7097828333,-24.3311122311,-18.7449378648,13.4210714315
2001-11-09,23.9384069046,-24.1598175507,-19.4074643588,13.780046872
2001-11-10,23.1331560665,-23.2816756985,-17.862517258,14.0190124056
2001-11-11,22.8561790455,-23.5655858054,-20.0677952424,15.6678998712
2001-11-12,24.8651336729,-22.1694128214,-21.4939318039,17.3501227963
2001-11-13,25.0756554704,-22.3279628748,-21.7289020967,16.3123752951
2001-11-14,24.0305491676,-23.4580835406,-20.5930230129,16.4266737498
2001-11-15,23.3751646795,-25.2215334338,-20.4705880474,17.0088736313
2001-11-16,21.2042754499,-25.5524368177,-21.0126931519,16.8189748502
2001-11-17,20.7330451062,-25.4252407849,-20.5815023058,16.5100665691
2001-11-18,20.3773608217,-25.900896403,-20.9374191476,14.7305472005
2001-11-19,21.2953494147,-25.1498878886,-21.5641049466,14.1136489698
2001-11-20,20.4514743148,-26.9147210962,-22.2131937127,15.0902082036
2001-11-21,21.1234307248,-26.8148950461,-21.8768497633,15.493381196
2001-11-22,22.3267560235,-26.6795471014,-21.3772971284,15.4755562176
2001-11-23,21.931351307,-26.1388282029,-21.2520718835,16.3675117118
2001-11-24,21.5756015821,-25.9325764579,-21.6276357313,17.6631558766
2001-11-25,21.1128005117,-25.4082765092,-19.3830629781,17.5790125977
2001-11-26,17.9447831009,-24.1822709613,-19.4105739989,18.5274529693
2001-11-27,16.2392438468,-24.6662497932,-20.4292426584,17.0635097309
2001-11-28,14.8952269463,-25.8052529933,-20.8706514174,16.0089233217
2001-11-29,15.70595122,-27.004659849,-19.8477864186,13.1368714009
2001-11-30,15.9793657547,-27.5478215902,-20.856275948,14.0278469828
2001-12-01,15.7698152257,-28.1768882044,-19.8020659159,14.306237212
2001-12-02,14.5027070438,-29.2047257694,-19.7127354061,16.0320179716
2001-12-03,13.9769154947,-27.4935868404,-19.1170899164,15.2256343527
2001-12-04,12.8599396942,-28.2800563359,-19.3981810551,14.7434577
2001-12-05,13.9067139676,-27.1632768065,-20.0752584748,16.4970523131
2001-12-06,12.7302707572,-26.1278731533,-18.8641457109,15.4245600438
2001-12-07,12.6627677209,-26.6168347604,-16.7519398134,15.6303652424
2001-12-08,13.1329943967,-24.6194820866,-18.9805893454,16.5499255464
2001-12-09,13.5256070895,-25.7442544755,-20.5279069087,18.9213085477
2001-12-10,14.1356937798,-26.8674899462,-21.3371669658,19.3688108343
2001-12-11,13.8571263638,-27.775338312,-20.732803517,19.9575666101
2001-12-12,14.8250911,-27.8142358851,-21.3074586392,19.987691784
2001-12-13,15.2231640301,-26.5532555474,-21.7325991918,19.8972575697
2001-12-14,13.6454110009,-27.4500298917,-19.5485964841,19.6701228852
2001-12-15,14.2774215845,-27.7171534553,-20.2170746608,19.6811866763
2001-12-16,14.4498716306,-29.0640797517,-20.6491327837,18.4413373577
2001-12-17,15.0221830795,-29.4778249316,-19.6037265149,17.0833746705
2001-12-18,16.2193820859,-28.5490050856,-21.2316978194,16.7592516659
2001-12-19,16.9988814703,-27.8862763996,-22.159895777,15.9099536136
2001-12-20,18.6078339392,-27.1805818545,-21.6663269248,16.0127497428
2001-12-21,18.0148264652,-26.8601305924,-21.0337839359,16.5053546029
2001-12-22,18.6327694193,-28.1223251057,-21.4793285056,17.2039208447
2001-12-23,17.8203562916,-29.5728823665,-21.7062691667,15.0194012311
2001-12-24,17.1574822005,-29.9706793489,-21.7198396793,15.4257315542
2001-12-25,17.6924334004,-29.308186114,-22.010092818,16.4755124079
2001-12-26,16.7323279319,-29.3744342277,-22.7577297315,15.2515208377
2001-12-27,16.6523989415,-29.6409826045,-22.8037976043,14.4853768857
2001-12-28,15.014707638,-30.19949695,-23.6813151679,15.9327726987
2001-12-29,14.5835462782,-30.5906200911,-23.3314223726,16.7383809373
2001-12-30,14.5238791683,-30.1006000095,-23.0327145691,16.5020283716
2001-12-31,16.4070113396,-29.9579949894,-22.9066822282,16.5069437264
2002-01-01,18.7441117857,-30.1691550815,-24.7004383895,17.5769823377
2002-01-02,18.3820744674,-29.5849815399,-25.7237938388,17.9693692529
2002-01-03,15.7334639838,-29.769620331,-24.7401594068,17.5021055075
2002-01-04,15.768732929,-31.7022985883,-24.3248842144,16.9127220417
2002-01-05,14.7324233561,-31.1630661393,-23.5862560433,14.973342448
2002-01-06,14.3694926486,-30.053835247,-24.3004147678,14.9184186789
2002-01-07,15.5735330747,-30.7888179245,-24.1031616848,15.3535208951
2002-01-08,16.0388721465,-29.8319430164,-23.7700150282,16.8678284038
2002-01-09,16.886018431,-29.8929373259,-22.8697803031,16.6880238961
2002-01-10,16.8734118679,-29.742402512,-22.7624984039,15.8912163712
2002-01-11,16.2422264786,-29.0875693213,-23.4234071123,16.1940866731
2002-01-12,15.6442459576,-30.4787073402,-25.0262828124,15.8807082948
2002-01-13,15.2610343039,-29.9526093442,-25.95448689,16.7448788974
2002-01-14,15.4901122588,-29.9902160737,-25.3313758772,16.0578415186
2002-01-15,14.4150588499,-30.8087160759,-23.8297642079,16.5556112322
2002-01-16,14.6192709891,-32.9343451155,-22.9765568433,16.2329058175
2002-01-17,16.0811539774,-33.1823425578,-23.7042849037,16.6386859005
2002-01-18,16.2370823868,-32.5729627754,-22.885245578,16.8575064807
2002-01-19,17.0065153639,-31.9618407268,-22.9973157852,16.9733657521
2002-01-20,15.3844111543,-31.4598924363,-23.3714768248,17.0817643588
2002-01-21,13.9494339236,-30.6447583605,-23.6937472566,18.5077908974
2002-01-22,14.028208414,-33.1189432929,-24.5938444346,19.4009200992
2002-01-23,13.3997586546,-32.9136617004,-26.131103385,20.0783573591
2002-01-24,13.9436667026,-31.9609609369,-25.6402388654,19.9848145363
2002-01-25,12.935018448,-33.6998560038,-27.3541787332,19.8543961453
2002-01-26,13.9318288113,-32.9359184721,-28.065443733,20.9041473976
2002-01-27,13.6572343689,-32.8314274657,-29.1829215647,19.1606983233
2002-01-28,13.7966012824,-32.7613121102,-28.4460328828,17.3827063933
2002-01-29,14.183117127,-32.0583665929,-30.9923281128,18.0092555833
2002-01-30,14.7444681607,-31.4442548414,-29.9127154159,18.5278065593
2002-01-31,13.868610936,-31.3979811177,-29.8805113034,18.8730490274
2002-02-01,14.9390625177,-30.6215064418,-30.4023208861,19.6146449083
2002-02-02,14.9115370414,-28.3425231969,-29.6109498563,18.8757957142
2002-02-03,15.0907358694,-29.1957520346,-29.532388466,18.861455508
2002-02-04,17.3895620156,-29.3263372684,-28.8758896396,18.7611594836
2002-02-05,15.7759978702,-28.5482488016,-28.5016968991,17.8194655153
2002-02-06,16.5612637609,-29.7316889516,-30.1460925882,18.1014391917
2002-02-07,17.5040875701,-30.1242660216,-30.6880073717,16.3048305829
2002-02-08,16.4794059406,-30.9340384936,-30.8370370439,17.2439802907
2002-02-09,15.5630153372,-31.0701939365,-30.9717097153,16.6268516115
2002-02-10,16.4058184065,-31.4853505778,-32.3255036935,16.7314421342
2002-02-11,17.8928116762,-31.9627788588,-32.7361163296,15.3166279981
2002-02-12,18.3003332759,-33.4367992806,-32.9695905177,16.0213645167
2002-02-13,17.5540503282,-31.8912466046,-31.9347290671,16.1643977269
2002-02-14,17.1720541679,-31.0506532743,-29.7618479131,15.0687282036
2002-02-15,17.7424764005,-31.9146341604,-30.3977755358,15.1073361105
2002-02-16,15.572824857,-32.5130552906,-29.7542556993,14.6933077511
2002-02-17,16.0040605024,-32.1578437519,-30.1576085021,14.3194736124
2002-02-18,15.5146174505,-32.9273772454,-30.854944399,12.6083316362
2002-02-19,15.2094706115,-34.5951991859,-29.9196543639,13.1491052062
2002-02-20,15.890040283,-33.9979251628,-31.2344034569,14.1835937313
2002-02-21,15.6739967058,-34.0630585954,-30.4876216036,14.0815482406
2002-02-22,15.4212406611,-35.1838705287,-31.6193767122,14.4065279413
2002-02-23,16.3728551992,-34.2601482227,-29.4060227998,13.7590397546
2002-02-24,15.725873143,-34.4102004231,-28.7949631515,15.0161478336
2002-02-25,13.7899313719,-35.2052268855,-28.8088184859,16.6761304695
2002-02-26,15.0809627134,-34.7241296324,-28.8877817622,15.5962647106
2002-02-27,15.372373529,-34.9511308269,-29.1331423669,16.2947302233
2002-02-28,16.0240650406,-35.2442416675,-29.846325292,16.9915937346
2002-03-01,15.9102804249,-35.6047851478,-30.6242804436,18.0315875176
2002-03-02,18.5984914157,-36.394273648,-29.68723552,19.3724072086
2002-03-03,18.6483090794,-33.7644476895,-29.74140412,18.2046598665
2002-03-04,19.0332282349,-35.2303138493,-29.1089405119,16.795432646
2002-03-05,19.6476716578,-34.0976766872,-29.2044921693,16.4975790492
2002-03-06,18.8287613534,-35.2068424508,-28.5698228151,18.5001590452
2002-03-07,18.488197719,-35.6195077444,-28.913890738,18.4970860463
2002-03-08,19.203470878,-35.7670671831,-30.4634791318,17.922844883
2002-03-09,19.3493987191,-35.1180581849,-31.1954096669,17.9286611779
2002-03-10,19.3922895134,-34.1093212694,-30.4939867189,17.8762786677
2002-03-11,20.1288835123,-34.3222494851,-29.2990123351,18.0474690164
2002-03-12,21.3626849185,-35.1517947901,-29.7139523742,17.8726126211
2002-03-13,20.9214652887,-34.7862575784,-30.8671531359,16.9013760338
2002-03-14,21.7020429793,-35.498814417,-30.5651751401,16.5168445454
2002-03-15,22.4101544311,-34.917725993,-30.422467825,15.2005246435
2002-03-16,24.0106507782,-36.3327895872,-31.5709220286,15.4577123208
2002-03-17,24.2179061242,-36.8499814594,-31.4462907966,13.7643484331
2002-03-18,23.8008933338,-37.2310654448,-32.3284248266,13.7487154089
2002-03-19,23.3341119462,-36.864104559,-32.1357146455,14.6270492032
2002-03-20,24.1937381249,-38.3934573873,-33.9085452008,13.7928428267
2002-03-21,23.4655638472,-36.5532816551,-32.846350176,14.1510608145
2002-03-22,23.4301298699,-36.034849961,-33.5555500857,14.6625949779
2002-03-23,23.2199469615,-36.0451857961,-34.2422278774,14.3081003106
2002-03-24,22.7984322121,-35.7829972611,-32.5394959233,13.6613265108
2002-03-25,23.3170509581,-36.7502817673,-33.4236242136,14.9407492668
2002-03-26,22.7675009691,-38.7210082775,-33.0812494563,15.7913274467
2002-03-27,22.7465107645,-38.4961391082,-32.3942689238,15.0535279135
2002-03-28,21.7922201979,-37.6707847162,-31.9688297822,17.498081062
2002-03-29,21.2605466135,-38.4583683808,-34.5175446198,15.7376052236
2002-03-30,20.4257155387,-39.5386048712,-34.8335347115,14.448961717
2002-03-31,19.0457034337,-40.2955807051,-33.7600286893,16.7339051058
2002-04-01,17.9923145001,-39.9456702034,-33.3311170706,16.5921255283
2002-04-02,17.7539029348,-40.3632107036,-33.3790345926,16.9110720526
2002-04-03,18.0954802382,-39.7898894793,-33.0192868289,17.1721247824
2002-04-04,18.3490143666,-38.4433879166,-32.3770182454,17.36726433
2002-04-05,18.5146568775,-38.901518407,-32.3116562467,16.9461640903
2002-04-06,19.7745761142,-37.5699054364,-32.9923697324,17.7773398446
2002-04-07,17.6493761691,-37.1528938217,-33.004715065,17.3504702676
2002-04-08,18.9732963557,-36.4861262534,-32.3414468381,16.6249890021
2002-04-09,18.4106546506,-38.1563251466,-33.3963227997,16.8874711401
2002-04-10,19.4498382563,-39.759450341,-32.1320861175,16.1135094862
2002-04-11,18.9136672588,-39.9575838052,-32.0894074321,15.1358431026
2002-04-12,19.2272130577,-40.1254475005,-31.3249821974,13.9199685621
2002-04-13,17.8462691162,-41.4203684913,-31.6825496767,14.314910439
2002-04-14,17.9396553372,-40.6737727497,-31.639858877,14.9203422813
2002-04-15,18.9142861837,-40.4601659116,-31.8714136739,16.0184452816
2002-04-16,19.2989820117,-39.0470375031,-32.5375136344,15.2986301068
2002-04-17,18.6195144028,-38.9425857585,-32.1457818656,15.5211403502
2002-04-18,17.7420432293,-40.721288704,-31.753396858,15.8749783672
2002-04-19,18.2034103053,-39.6897797056,-31.8672806824,15.1886634734
2002-04-20,17.8958249609,-40.0423814489,-31.2434119037,15.8514690277
2002-04-21,17.180189623,-39.6892509359,-31.0551051579,15.7094150148
2002-04-22,16.6729303632,-40.9148635338,-29.9977826828,15.9642068884
2002-04-23,16.8286629882,-42.016640065,-29.5393258059,14.4453574792
2002-04-24,16.869221383,-41.0240185765,-28.7083303638,15.1568150397
2002-04-25,17.0552507483,-39.7873121138,-29.2334273097,15.880649712
2002-04-26,18.0218083981,-39.2885408705,-27.7816249997,15.4315607893
2002-04-27,18.877390514,-39.2960992238,-28.6998033982,14.9886109777
2002-04-28,18.8859251046,-38.6809362393,-29.5024616925,15.0684944028
2002-04-29,19.2234047381,-39.3034840269,-30.1681924057,14.1153067679
2002-04-30,18.6634490778,-39.7192827929,-28.7575282432,14.6600954084
2002-05-01,18.4772873319,-42.1568240802,-27.4834491755,14.8388820478
2002-05-02,18.2197831732,-42.7911646934,-28.1097453817,14.7124269312
2002-05-03,17.3746708781,-44.5377164206,-28.0186649082,13.9049292756
2002-05-04,17.1005742445,-43.8571134331,-27.7647199993,14.6072253896
2002-05-05,18.0943649799,-42.698094083,-28.3281258631,13.3467672437
2002-05-06,17.4288104646,-42.5805903342,-29.2764361066,14.6062234026
2002-05-07,16.5330971421,-41.8432464354,-28.2352871062,14.7440153318
2002-05-08,16.1531485569,-41.0788888265,-28.9843741458,12.9664799401
2002-05-09,16.7517639006,-40.856207883,-27.8597467768,13.2312337852
2002-05-10,16.6896306574,-41.4052443123,-26.8873357932,13.4388513773
2002-05-11,16.9374448774,-40.7843500867,-28.2908356858,14.0426663387
2002-05-12,16.6986548006,-41.4506084238,-27.902600033,15.8275346582
2002-05-13,16.6023698801,-41.9125723726,-26.4653062888,15.7822103154
2002-05-14,17.051710665,-41.8084770366,-27.3279676825,15.9738990529
2002-05-15,18.3457932696,-43.3558956688,-26.9527459659,17.7164866288
2002-05-16,19.3585228235,-43.7913831776,-26.9166809645,16.8642208775
2002-05-17,17.5231260383,-44.0767538945,-27.1233972409,17.3154158748
2002-05-18,17.7410225934,-44.8249957066,-27.451489816,16.9878052118
2002-05-19,17.5900330647,-44.5523688291,-27.9612901736,17.0896735396
2002-05-20,18.1213699452,-43.9277634845,-28.5831775701,17.5253020975
2002-05-21,16.43796027,-43.6879495604,-27.4908887134,17.9970855906
2002-05-22,17.4074191545,-43.136068446,-27.1430540356,18.5534733491
2002-05-23,17.9390891524,-41.8435289138,-28.5107290476,17.5740645146
2002-05-24,18.2701743053,-41.4023816232,-30.1744646491,17.3247755178
2002-05-25,18.8427735287,-41.0790697924,-32.7183975587,18.2370099323
2002-05-26,17.0435960382,-39.9704793261,-33.0921628887,17.264056709
2002-05-27,17.5625372705,-40.4305765479,-35.3853703554,17.9474333464
2002-05-28,17.5756396073,-40.2115471459,-32.820102761,17.8021978868
2002-05-29,17.979962393,-39.8298691469,-33.1390093165,17.1614305826
2002-05-30,19.2121448992,-40.172695186,-33.62511975,17.4915848469
2002-05-31,20.0112838751,-38.9677485293,-33.5668933298,18.9613977586
2002-06-01,18.9227419283,-37.8256006986,-34.4576174592,17.6566911291
2002-06-02,19.0324200712,-37.408714405,-35.242704834,17.4667388138
2002-06-03,20.328299001,-36.6942071351,-35.5418397388,17.0009370594
2002-06-04,19.688056831,-36.135773416,-34.6268081379,17.7587518846
2002-06-05,18.8923212171,-34.4680237868,-35.2935004508,18.5788387108
2002-06-06,18.4985496633,-34.4010721116,-36.6263209508,19.3793196589
2002-06-07,16.5737739001,-33.0948528375,-36.4760631623,19.3138838756
2002-06-08,17.8068480374,-33.0639794061,-35.2629283363,19.4973057951
2002-06-09,18.3085962633,-32.2237561226,-37.102682844,17.9660205942
2002-06-10,18.3849079603,-31.3624030675,-37.0184678298,19.6331761928
2002-06-11,17.6286842918,-32.6864991022,-35.9839091877,19.8484171727
2002-06-12,17.2932464887,-31.3166911136,-35.9415329069,19.0504214819
2002-06-13,19.1635824902,-29.9550839067,-34.8002304664,18.4468483436
2002-06-14,20.1487793597,-28.8983023396,-34.5512873448,18.1534808834
2002-06-15,19.0064499558,-29.1370719291,-34.8609510198,16.6239319656
2002-06-16,19.2844992268,-29.2300475849,-34.2020379316,16.5009359613
2002-06-17,18.481304318,-28.1542892545,-36.2474800293,16.8822659232
2002-06-18,17.6546432656,-29.019409683,-37.5326448149,16.8056469284
2002-06-19,17.901944543,-28.0596440242,-40.8261661303,16.6441871032
2002-06-20,17.3327079965,-26.8024105785,-40.4680030529,15.8820362745
2002-06-21,16.2783355209,-26.5825540056,-39.0344072315,15.3543374314
2002-06-22,15.4547170176,-27.6050180573,-38.535835702,15.4189485636
2002-06-23,12.2227594862,-27.8688808433,-39.5212607355,15.0381416014
2002-06-24,12.1338677674,-27.8095321032,-40.1551083205,14.6835813858
2002-06-25,12.4481382154,-26.4923693865,-40.0726015357,14.5570609169
2002-06-26,12.8174122346,-26.5880768482,-37.8782526741,15.530598534
2002-06-27,12.4994627653,-26.0266121435,-37.2011898413,14.0323378376
2002-06-28,12.8630495861,-26.1764492745,-35.6134634721,16.0042829366
2002-06-29,13.1792252418,-27.2264821209,-34.8572708629,14.5970745649
2002-06-30,15.6993470244,-27.0708474984,-35.0507476951,15.4952109332
2002-07-01,15.6822568411,-28.7550210827,-35.6282617066,16.0238637757
2002-07-02,14.800194092,-29.1762085378,-34.8460802965,15.531691893
2002-07-03,15.7065943722,-28.0644520835,-34.1752098417,14.9356605552
2002-07-04,15.0953969894,-28.1945299613,-32.3235019106,16.4564674969
2002-07-05,15.2236311663,-27.8397823834,-33.3438859661,16.8598429219
2002-07-06,13.2531291487,-27.3801409867,-33.1909924201,18.1250701219
2002-07-07,14.6225067695,-26.0946222688,-33.8951491625,18.9954751167
2002-07-08,14.8631610007,-23.6379734876,-33.8450293809,19.7363416116
2002-07-09,13.9669486968,-24.1152781576,-34.460654098,19.7760521201
2002-07-10,13.097353635,-23.7080709774,-34.2246367717,18.7322695092
2002-07-11,11.1079295547,-23.9763954407,-34.2900947636,20.8301688682
2002-07-12,11.3041604536,-22.0917889726,-34.2368896325,20.1631043778
2002-07-13,11.177387977,-22.4221312297,-34.3192049026,19.9869495938
2002-07-14,11.4491629963,-22.5472110906,-36.0317356229,20.9530033734
2002-07-15,11.1159323417,-20.9740683667,-36.7087682881,20.3151741219
2002-07-16,11.4268818963,-22.3628237217,-36.5496646499,22.203089571
2002-07-17,13.1368946398,-21.8202752491,-34.9113394068,22.6201495934
2002-07-18,12.8419115187,-23.2178438734,-35.657524593,21.6014817826
2002-07-19,12.9933694865,-24.2282154281,-33.4892988774,22.7988968999
2002-07-20,12.97363629,-24.1091285125,-32.8746798492,24.8242873468
2002-07-21,10.9238469091,-22.2969097385,-31.7911511219,24.7349948912
2002-07-22,10.0069020791,-21.9819118868,-31.9665271886,24.7241633404
2002-07-23,9.27317510938,-21.2616812541,-30.7929443448,26.1509930482
2002-07-24,11.4171593979,-21.4256723026,-30.9820745385,25.6734684263
2002-07-25,11.4769191329,-23.1994092369,-30.4750670489,25.0950140468
2002-07-26,11.9193850244,-24.1113522177,-29.9860387894,24.9242053415
2002-07-27,11.1906699345,-24.7172330954,-28.8165137704,25.4287415487
2002-07-28,11.4473636284,-23.9984598524,-27.5507719002,24.9214874287
2002-07-29,11.8410860957,-22.7376702635,-28.8873645362,24.7957702466
2002-07-30,12.548428008,-22.1752975896,-27.5099473417,23.5094209386
2002-07-31,12.0984393938,-22.6538488842,-26.6311657364,24.8258397587
2002-08-01,12.2177612769,-22.3678697995,-27.3419762898,24.328267209
2002-08-02,11.3958544999,-23.6552341518,-27.0961207158,25.6005860228
2002-08-03,11.2854727455,-24.093380382,-27.5620530925,27.3961187496
2002-08-04,13.3829876201,-24.2716601815,-26.6309515215,28.8797128188
2002-08-05,12.3772425816,-25.2293212103,-24.9515785264,28.6223645535
2002-08-06,12.8508637455,-25.7505188546,-23.6989940698,29.2728624967
2002-08-07,12.840787538,-26.1600495822,-24.3034873395,30.8094529375
2002-08-08,11.5071153768,-27.0709675601,-24.8921755401,30.8334653873
2002-08-09,11.4191920987,-28.3484615341,-25.4840624143,29.8178269487
2002-08-10,10.5627221108,-28.3570240777,-25.738412623,30.5506193824
2002-08-11,11.4288531465,-28.6743585959,-24.8592905686,31.3380506456
2002-08-12,12.2379389516,-28.0417864709,-25.4754866622,30.6374370964
2002-08-13,12.2399256626,-28.3747141545,-25.8002298515,31.3120360206
2002-08-14,11.942127357,-29.2767607856,-25.4889327367,31.2246015953
2002-08-15,13.2393772648,-29.1825459911,-26.0644007003,29.8630951357
2002-08-16,13.2360009505,-29.2140202124,-27.42689536,29.5301341296
2002-08-17,14.5510563927,-30.4363134388,-27.2888890259,29.4714213382
2002-08-18,14.5260645582,-32.1802103349,-26.8258754932,28.9099349138
2002-08-19,13.5273456732,-31.6734603534,-27.2025972921,27.8261831262
2002-08-20,13.8651008513,-31.5518318598,-27.0244295152,28.1539150135
2002-08-21,13.0265557923,-30.5807890803,-26.1061839211,28.2679272763
2002-08-22,13.0804381293,-30.9025506469,-25.7639948751,27.8775958144
2002-08-23,13.6987407076,-30.9848471746,-27.6200044967,27.7660741262
2002-08-24,12.991001302,-31.2020351913,-26.2004371022,27.3730968215
2002-08-25,12.6062829787,-31.7026053408,-25.9861232551,28.1921937232
2002-08-26,12.5949526274,-32.1613540014,-26.9514173941,28.4560303782
2002-08-27,13.3223847039,-33.0625144593,-27.7689196053,26.8732741188
2002-08-28,13.154602495,-35.1934981464,-28.962158618,25.1884105873
2002-08-29,13.4295507888,-34.3163567848,-28.2321978709,24.7486851314
2002-08-30,11.7618737479,-33.1721902638,-28.9473196117,24.0783205021
2002-08-31,10.9000065943,-34.5697047668,-29.1155936814,24.0421605917
2002-09-01,10.4008742564,-34.2128194918,-28.4574342829,24.7677066714
2002-09-02,11.0778639184,-34.7589696655,-28.9097073684,24.331118876
2002-09-03,11.8947647212,-34.6990396979,-26.9623985078,26.7664571294
2002-09-04,12.2070200371,-34.9713422359,-27.0274728493,25.9920038191
2002-09-05,11.6052982349,-34.1526668049,-29.1240538023,26.9310705715
2002-09-06,11.5249722268,-33.3808012654,-27.7910029153,26.1309614548
2002-09-07,11.5533006875,-33.3970549821,-27.8938555309,27.7851374638
2002-09-08,12.1290391709,-33.3498599823,-29.0851109735,25.8023567192
2002-09-09,11.4673898071,-33.3026775936,-28.968206943,25.2039863075
2002-09-10,13.0537855973,-33.442777046,-29.924429216,25.4782761472
2002-09-11,12.636878133,-35.1912971835,-30.5992588724,25.2192270168
2002-09-12,12.0695673449,-35.7964394613,-30.4994084281,26.8179232155
2002-09-13,12.7580026002,-34.4188433553,-32.0910850957,27.7962688195
2002-09-14,12.7841758587,-33.5081265185,-31.767879386,27.951091578
2002-09-15,11.9751113317,-32.711862184,-31.7220162657,28.2825072626
2002-09-16,12.0314062688,-32.2533272243,-32.27701067,29.6416490558
2002-09-17,12.1175461285,-31.1939808158,-34.6389527492,28.3153113534
2002-09-18,12.9082674762,-32.4546812229,-32.3974020594,27.9179917642
2002-09-19,12.0656588256,-32.928013909,-33.8418398755,27.7898583032
2002-09-20,12.6123223738,-33.8313814519,-33.7647063376,26.7547158693
2002-09-21,12.8504985982,-35.0388530952,-34.041241661,26.8625006143
2002-09-22,11.718550947,-35.1571975189,-34.3574970359,25.5572789177
2002-09-23,11.7860444044,-34.1005817116,-34.5768084299,24.7413713433
2002-09-24,10.5107025379,-33.5378403776,-33.9878580808,25.360352893
2002-09-25,9.9504939652,-33.4923915486,-34.3997102352,25.449467722
2002-09-26,10.4121210579,-35.0688915064,-34.7295889868,25.1493227676
